Line Item	Price	Unit	HSN	Applicable Site(s)	Site Count	Source PO/Invoice Count	Example Source File	App Display Name
1/8 SIZE WRITING PAD	35	PCS	4820	ETPL THANE	1	1	Hk Mumbai/PARSVATECH JULY26 ETPL (1).pdf	1/8 SIZE WRITING PAD
12X20 STEEL DUSBIN PEDAL	1450	SET	7323	NOIDA	1	1	Hk Mumbai/PARSVATECH JULY26 NOIDA (1).pdf	12X20 STEEL DUSBIN PEDAL
19X21 CITY GARBAGE BAG	22	ROLL	3923	3I SAKINAKA, ETPL THANE, MyGate, NOIDA, SIGMA 2ND FLOOR, SIGMA 7TH FLOOR	6	6	Hk Mumbai/PARSVATECH JULY26 ETPL (1).pdf	19X21 CITY GARBAGE BAG — ₹22
24" DRY MOP CLIP	120	PCS	9603	CHARNI ROAD, NOIDA	2	2	Hk Mumbai/PARSVATECH JULY26 NOIDA (1).pdf	24" DRY MOP CLIP — ₹120
24'' DRY BLUE RIFIL	150	PCS	9603	NOIDA	1	1	Hk Mumbai/PARSVATECH JULY26 NOIDA (1).pdf	24'' DRY BLUE RIFIL
29X39 CITY GARBAGE BAG	45	ROLL	3923	3I SAKINAKA, CHARNI ROAD, ETPL THANE, NOIDA	4	4	Hk Mumbai/PARSVATECH JULY26 ETPL (1).pdf	29X39 CITY GARBAGE BAG — ₹45
3M Double Side Tapes	220	PCS		SS Plaza	1	2	Stepier - Banglore.pdf	3M Double Side Tapes
3M Ear Plug [PES] | HSN 39119090	35	PCS		SS Plaza	1	1	Stepier - Banglore.pdf	3M Ear Plug [PES] | HSN 39119090
3M MAGIC DUBBLE SIDE TAPE	350	PCS	39199090	ETPL THANE	1	1	Hk Mumbai/PARSVATECH JULY26 ETPL (1).pdf	3M MAGIC DUBBLE SIDE TAPE
3M Scotch Brite Scrub Pad 10CM*15CM 4 IN 1 (FS)	26.5	PCS		Mahindra Finance - Delhi	1	1	FCGC- Delhi.pdf	3M Scotch Brite Scrub Pad 10CM*15CM 4 IN 1 (FS)
743 Glue 20 GM	45	PCS		SS Plaza	1	1	Stepier - Banglore.pdf	743 Glue 20 GM
A/4 JK PAPER 70 GSM [PKT] | HSN 4802	174.6	PKT		SS Plaza	1	1	Stepier - Banglore.pdf	A/4 JK PAPER 70 GSM [PKT] | HSN 4802
A4 Acrylic Transparent Checklist Holder	350	PCS		SS Plaza	1	1	Stepier - Banglore.pdf	A4 Acrylic Transparent Checklist Holder
A4 Acrylic Transparent Checklist Holder [NOS] | HSN 3921	350	PCS		SS Plaza	1	1	Stepier - Banglore.pdf	A4 Acrylic Transparent Checklist Holder [NOS] | HSN 3921
A4 JK Paper 70 GSM	174.6	PKT		SS Plaza	1	1	Stepier - Banglore.pdf	A4 JK Paper 70 GSM
A4 JK Paper 70 GSM	180	PKT		AMR Tech Park	1	1	Stepier - Banglore.pdf	A4 JK Paper 70 GSM
ACID 1LTR	190	LTR		SS Plaza	1	1	Stepier - Banglore.pdf	ACID 1LTR
ACID 5 LTR	250	CAN		SS Plaza	1	1	Stepier - Banglore.pdf	ACID 5 LTR
ACID 5 LTR [CAN] | HSN 28061000	250	CAN		SS Plaza	1	1	Stepier - Banglore.pdf	ACID 5 LTR [CAN] | HSN 28061000
AIR REFILL GODREJ	245	BOTT	3307	3I SAKINAKA, CHARNI ROAD	2	2	Hk Mumbai/PARSVATECH JULY26 3I SAKINAKA.pdf	AIR REFILL GODREJ — ₹245
ALL OUT MACHINE SET [SET] | HSN 38089191	95	SET		SS Plaza	1	1	Stepier - Banglore.pdf	ALL OUT MACHINE SET [SET] | HSN 38089191
APSRA PENCIL	27.16	PKT		SS Plaza	1	1	Stepier - Banglore.pdf	APSRA PENCIL
APSRA PENCIL [PKT] | HSN 9609 | CHANGE TO GST 0pct EXEMPT	27.16	PKT		SS Plaza	1	1	Stepier - Banglore.pdf	APSRA PENCIL [PKT] | HSN 9609 | CHANGE TO GST 0pct EXEMPT
Acrylic Standy	180	PCS		SS Plaza	1	1	Stepier - Banglore.pdf	Acrylic Standy
Acrylic Standy	280	PCS		SS Plaza	1	1	Stepier - Banglore.pdf	Acrylic Standy
Air First Machine Refill	184.3	PCS		SS Plaza	1	1	Stepier - Banglore.pdf	Air First Machine Refill
Air First Machine Refill	220	PCS		AMR Tech Park	1	1	Stepier - Banglore.pdf	Air First Machine Refill
Air First Machine Refill [NOS] | HSN 3307	184.3	PCS		SS Plaza	1	1	Stepier - Banglore.pdf	Air First Machine Refill [NOS] | HSN 3307
All Out Refill [NOS] | HSN 38089191	75	PCS		SS Plaza	1	1	Stepier - Banglore.pdf	All Out Refill [NOS] | HSN 38089191
Apsara Pencil	27.16	PKT		SS Plaza	1	1	Stepier - Banglore.pdf	Apsara Pencil
BALL PEN	6	PCS	9608	3I SAKINAKA	1	1	Hk Mumbai/PARSVATECH JULY26 3I SAKINAKA.pdf	BALL PEN
BALL PEN	9	PCS	9608	NOIDA	1	1	Hk Mumbai/PARSVATECH JULY26 NOIDA (1).pdf	BALL PEN
BALL PEN	62	PKT	9608	ETPL THANE, SIGMA 2ND FLOOR, SIGMA 7TH FLOOR	3	3	Hk Mumbai/PARSVATECH JULY26 ETPL (1).pdf	BALL PEN — ₹62
BALL PEN (HAUSOR XO) (FS)	8	PCS		Mahindra Finance - Delhi	1	1	FCGC- Delhi.pdf	BALL PEN (HAUSOR XO) (FS)
BISLERI WATER 20LTR. JAR COVER	220	PCS	2201	NOIDA	1	1	Hk Mumbai/PARSVATECH JULY26 NOIDA (1).pdf	BISLERI WATER 20LTR. JAR COVER
BOTTLE BRUSH	25	PCS	9603	NOIDA, SIGMA 2ND FLOOR, SIGMA 7TH FLOOR	3	3	Hk Mumbai/PARSVATECH JULY26 SIGMA 2ND FLOOR (1).pdf	BOTTLE BRUSH — ₹25
BOX FILE YES	58.2	PCS		SS Plaza	1	1	Stepier - Banglore.pdf	BOX FILE YES
BOX FILE YES [NOS] | HSN 48203000	58.2	PCS		SS Plaza	1	1	Stepier - Banglore.pdf	BOX FILE YES [NOS] | HSN 48203000
BROWN TAPE 2INCH (FS)	26.5	PCS		Mahindra Finance - Delhi	1	1	FCGC- Delhi.pdf	BROWN TAPE 2INCH (FS)
BROWN TAPE 3 inch [NOS] | HSN 3919	24.25	PCS		SS Plaza	1	1	Stepier - Banglore.pdf	BROWN TAPE 3 inch [NOS] | HSN 3919
BROWN TAPE 3''	24.25	PCS		SS Plaza	1	1	Stepier - Banglore.pdf	BROWN TAPE 3''
BRU COFFEE	1050	PKT	2101	3I SAKINAKA	1	1	Hk Mumbai/PARSVATECH JULY26 3I SAKINAKA.pdf	BRU COFFEE
Ball Pen Blue	2.91	PCS		SS Plaza	1	1	Stepier - Banglore.pdf	Ball Pen Blue
Beverage Supplies (21011200) Kg	820	KG		Mafatlal Chember -A wing	1	1	purchaseorders (11).pdf	Beverage Supplies (21011200) Kg
Bevzilla Assorted Instant Coffee (FS)	3.7	PCS		Sky mark - Noida	1	1	FCGC- Delhi.pdf	Bevzilla Assorted Instant Coffee (FS)
Bevzilla Coffee Bottle 75 GRM (FS)	348	BOTT		Sky mark - Noida	1	1	FCGC- Delhi.pdf	Bevzilla Coffee Bottle 75 GRM (FS)
Bisleri 250 ML	135	BOX		SS Plaza	1	1	Stepier - Banglore.pdf	Bisleri 250 ML
Bisleri Water 250 ML (FS)	150	BOX		Mahindra Finance - Delhi	1	1	FCGC- Delhi.pdf	Bisleri Water 250 ML (FS)
Black Hit 200ml (FS)	95	CAN		Mahindra Finance - Delhi	1	2	FCGC- Delhi.pdf	Black Hit 200ml (FS)
Borosil Glass Large (FS)	495	SET		Sky mark - Noida	1	1	FCGC- Delhi.pdf	Borosil Glass Large (FS)
Bottle Brush	24.25	PCS		SS Plaza	1	2	Stepier - Banglore.pdf	Bottle Brush
Bottle Brush [NOS] | HSN 96031000	24.25	PCS		SS Plaza	1	1	Stepier - Banglore.pdf	Bottle Brush [NOS] | HSN 96031000
Brown Cover Sheet	9.7	PCS		SS Plaza	1	2	Stepier - Banglore.pdf	Brown Cover Sheet
Brown Paper Cover Roll	174.6	ROLL		SS Plaza	1	2	Stepier - Banglore.pdf	Brown Paper Cover Roll
Brown Paper Cover Roll [ROLL] | HSN 39231010	174.6	ROLL		SS Plaza	1	1	Stepier - Banglore.pdf	Brown Paper Cover Roll [ROLL] | HSN 39231010
Brown Tape 3 inch	24.25	PCS		SS Plaza	1	1	Stepier - Banglore.pdf	Brown Tape 3 inch
CADDY BUCKET	220	PCS	9603	NOIDA	1	1	Hk Mumbai/PARSVATECH JULY26 NOIDA (1).pdf	CADDY BUCKET
CALCULATOR MACHINE	280	PCS	8470	D WING	1	1	Hk Mumbai/PARSVATECH JULY26 D WING.pdf	CALCULATOR MACHINE
CAMEL MARKER	20	PCS	9608	ETPL THANE	1	1	Hk Mumbai/PARSVATECH JULY26 ETPL (1).pdf	CAMEL MARKER
CAMLIN WB MARKER PEN BLACK	24	PCS	96082000	NOIDA	1	1	Hk Mumbai/PARSVATECH JULY26 NOIDA (1).pdf	CAMLIN WB MARKER PEN BLACK
CARBON PAPER BLUE	180	PKT	4816	SIGMA 2ND FLOOR, SIGMA 7TH FLOOR	2	2	Hk Mumbai/PARSVATECH JULY26 SIGMA 2ND FLOOR (1).pdf	CARBON PAPER BLUE — ₹180
CARPET BRUSH HARD	60	PCS	9603	ETPL THANE	1	1	Hk Mumbai/PARSVATECH JULY26 ETPL (1).pdf	CARPET BRUSH HARD
CARPET BRUSH SOFT	63.5	PCS		SS Plaza	1	1	Stepier - Banglore.pdf	CARPET BRUSH SOFT
CARPET BRUSH SOFT [NOS] | HSN 96031000	63.05	PCS		SS Plaza	1	1	Stepier - Banglore.pdf	CARPET BRUSH SOFT [NOS] | HSN 96031000
CAUSHIN /FLOORING MAT (FS)	66	PCS		Arcil Sky Mark - Noida	1	1	FCGC- Delhi.pdf	CAUSHIN /FLOORING MAT (FS)
CEILING BROOM	135	SET	9603	NOIDA, SIGMA 2ND FLOOR, SIGMA 7TH FLOOR	3	3	Hk Mumbai/PARSVATECH JULY26 SIGMA 2ND FLOOR (1).pdf	CEILING BROOM — ₹135
CEILING BRUSH ROUND	116.2	PCS		SS Plaza	1	1	Stepier - Banglore.pdf	CEILING BRUSH ROUND
CELLO TAPE (2 inch) (FS)	26.5	PCS		Mahindra Finance - Delhi	1	1	FCGC- Delhi.pdf	CELLO TAPE (2 inch) (FS)
CELLO TAPE 1 inch [NOS] | HSN 39191000	7.76	PCS		SS Plaza	1	1	Stepier - Banglore.pdf	CELLO TAPE 1 inch [NOS] | HSN 39191000
CELLO TAPE 1"	7.76	PCS		SS Plaza	1	1	Stepier - Banglore.pdf	CELLO TAPE 1"
CELLO TAPE 2 inch [NOS] | HSN 3919	16.49	PCS		SS Plaza	1	1	Stepier - Banglore.pdf	CELLO TAPE 2 inch [NOS] | HSN 3919
CELLO TAPE 2''	16.46	PCS		SS Plaza	1	1	Stepier - Banglore.pdf	CELLO TAPE 2''
CELLO TAPE 3 inch [NOS] | HSN 391990	24.25	PCS		SS Plaza	1	1	Stepier - Banglore.pdf	CELLO TAPE 3 inch [NOS] | HSN 391990
CELLO TAPE 3''	24.25	PCS		SS Plaza	1	1	Stepier - Banglore.pdf	CELLO TAPE 3''
CHOCK PUMP	27.16	PCS		SS Plaza	1	1	Stepier - Banglore.pdf	CHOCK PUMP
CHOKE UP PUMP	35	PCS	9603	NOIDA	1	1	Hk Mumbai/PARSVATECH JULY26 NOIDA (1).pdf	CHOKE UP PUMP
CIRAMICS DINNER PLATE	145	PCS	4823	SIGMA 2ND FLOOR, SIGMA 7TH FLOOR	2	2	Hk Mumbai/PARSVATECH JULY26 SIGMA 2ND FLOOR (1).pdf	CIRAMICS DINNER PLATE — ₹145
CLING FILM [NOS] | HSN 3923	450	ROLL		SS Plaza	1	1	Stepier - Banglore.pdf	CLING FILM [NOS] | HSN 3923
CLOTH COVER 10 X 7	4	PCS	4817	D WING	1	1	Hk Mumbai/PARSVATECH JULY26 D WING.pdf	CLOTH COVER 10 X 7
COFFEE BEANS (C D Estate Blend-II)	820	KG		Mafatlal Chember -A wing, Mafatlal WS	2	2	purchaseorders (11).pdf	COFFEE BEANS (C D Estate Blend-II) — ₹820
COFFEE PREMIX	200	PKT		2nd Floor - Sigma IT Park, 7th Floor - Sigma IT Park	2	3	purchaseorders (10).pdf	COFFEE PREMIX — ₹200
CORRECTION PEN (WHITNER)	14.55	PCS		SS Plaza	1	1	Stepier - Banglore.pdf	CORRECTION PEN (WHITNER)
COTTON HAND GLOSE PANTRY [PAIR] | HSN 61161000 | CHANGE TO GST 5pct	15	PAIR		SS Plaza	1	1	Stepier - Banglore.pdf	COTTON HAND GLOSE PANTRY [PAIR] | HSN 61161000 | CHANGE TO GST 5pct
Catch Chat Masala (FS)	88	PCS		Mahindra Finance - Delhi	1	2	FCGC- Delhi.pdf	Catch Chat Masala (FS)
Catch Salt (FS)	48	PCS		Mahindra Finance - Delhi	1	1	FCGC- Delhi.pdf	Catch Salt (FS)
Caustic Soda	65	KG		SS Plaza	1	1	Stepier - Banglore.pdf	Caustic Soda
Cell 9v Rechargable [NOS] | HSN 8544	580	PCS		SS Plaza	1	1	Stepier - Banglore.pdf	Cell 9v Rechargable [NOS] | HSN 8544
Cello Tape (2 inch) (FS)	32.5	PCS		Mahindra Finance - Delhi	1	1	FCGC- Delhi.pdf	Cello Tape (2 inch) (FS)
Cello Tape 1 inch	7.76	PCS		SS Plaza	1	1	Stepier - Banglore.pdf	Cello Tape 1 inch
Cello Tape 2 inch	16.49	PCS		SS Plaza	1	1	Stepier - Banglore.pdf	Cello Tape 2 inch
Cello Tape 3 inch	24.25	PCS		SS Plaza	1	1	Stepier - Banglore.pdf	Cello Tape 3 inch
Cello Tape 3 inch	56.25	PCS		SS Plaza	1	1	Stepier - Banglore.pdf	Cello Tape 3 inch
Cermic Tea Cup	90	PCS		SS Plaza	1	1	Stepier - Banglore.pdf	Cermic Tea Cup
Check Duster	10	PCS		AMR Tech Park	1	1	Stepier - Banglore.pdf	Check Duster
Cling Film	450	ROLL		SS Plaza	1	1	Stepier - Banglore.pdf	Cling Film
Colour Phenyl 5 Ltr	120	CAN		AMR Tech Park	1	1	Stepier - Banglore.pdf	Colour Phenyl 5 Ltr
Cotton Hand Gloves Pantry	45	PAIR		SS Plaza	1	1	Stepier - Banglore.pdf	Cotton Hand Gloves Pantry
Coution Board Cp	116.4	PCS		SS Plaza	1	1	Stepier - Banglore.pdf	Coution Board Cp
Crockery Plates (FS)	145	PCS		Sky mark - Noida	1	1	FCGC- Delhi.pdf	Crockery Plates (FS)
DAILY ATTENDANCE REGISTER	320	PCS		SS Plaza	1	1	Stepier - Banglore.pdf	DAILY ATTENDANCE REGISTER
DAILY ATTENDANCE REGISTER [NOS] | HSN 482010	120	PCS		SS Plaza	1	1	Stepier - Banglore.pdf	DAILY ATTENDANCE REGISTER [NOS] | HSN 482010
DETTOL HAND SANITIZER 200 ML	140	BOTT	3402	ETPL THANE	1	1	Hk Mumbai/PARSVATECH JULY26 ETPL (1).pdf	DETTOL HAND SANITIZER 200 ML
DISH WASH 5 LTR [CAN] | HSN 34022090	247.35	CAN		SS Plaza	1	1	Stepier - Banglore.pdf	DISH WASH 5 LTR [CAN] | HSN 34022090
DISH WASH GEL 5LTR	550	CAN	3402	3I SAKINAKA	1	1	Hk Mumbai/PARSVATECH JULY26 3I SAKINAKA.pdf	DISH WASH GEL 5LTR
DOOR MATE 3X2 HARD GREEN	540	PCS	3924	NOIDA	1	1	Hk Mumbai/PARSVATECH JULY26 NOIDA (1).pdf	DOOR MATE 3X2 HARD GREEN
DOOR MATE BLACK	90	BOTT	3924	C WING	1	1	Hk Mumbai/PARSVATECH C WING JULY26 2.pdf	DOOR MATE BLACK
DOOR MATE BLACK DUROSOFT	90	SQ FT	3924	C WING	1	1	Hk Mumbai/PARSVATECH C WING JULY26 2.pdf	DOOR MATE BLACK DUROSOFT
DRAIN POWDER [NOS] | HSN 3405	13.58	PKT		SS Plaza	1	1	Stepier - Banglore.pdf	DRAIN POWDER [NOS] | HSN 3405
DRANEX POWER	20	PKT	3401	ETPL THANE, NOIDA, SIGMA 2ND FLOOR, SIGMA 7TH FLOOR	4	4	Hk Mumbai/PARSVATECH JULY26 ETPL (1).pdf	DRANEX POWER — ₹20
DRAWING PINS	60	PKT	7317	NOIDA	1	1	Hk Mumbai/PARSVATECH JULY26 NOIDA (1).pdf	DRAWING PINS
DURA CELL AA	33.95	PCS		SS Plaza	1	1	Stepier - Banglore.pdf	DURA CELL AA
DURA CELL AA [NOS] | HSN 8506	33.95	PCS		SS Plaza	1	1	Stepier - Banglore.pdf	DURA CELL AA [NOS] | HSN 8506
DURA CELL AAA	33.95	PCS		SS Plaza	1	1	Stepier - Banglore.pdf	DURA CELL AAA
DURA CELL AAA [NOS] | HSN 8506	33.95	PCS		SS Plaza	1	1	Stepier - Banglore.pdf	DURA CELL AAA [NOS] | HSN 8506
DURACELL MIDDIUM (AA) (FS)	20.5	PCS		Mahindra Finance - Delhi	1	1	FCGC- Delhi.pdf	DURACELL MIDDIUM (AA) (FS)
Dabur Fem Handwash 5 Ltr	520	CAN		AMR Tech Park	1	2	Stepier - Banglore.pdf	Dabur Fem Handwash 5 Ltr
Diffuser Oil	824.5	BOTT		SS Plaza	1	1	Stepier - Banglore.pdf	Diffuser Oil
Diffuser Oil [NOS] | HSN 33029011	824.5	BOTT		SS Plaza	1	1	Stepier - Banglore.pdf	Diffuser Oil [NOS] | HSN 33029011
Dish Wash 5 Ltr	247.35	CAN		SS Plaza	1	2	Stepier - Banglore.pdf	Dish Wash 5 Ltr
Door Mat Soft	73	PCS		SS Plaza	1	1	Stepier - Banglore.pdf	Door Mat Soft
Drain Powder	13.58	PKT		SS Plaza	1	2	Stepier - Banglore.pdf	Drain Powder
Dry Fit T-Shirt	720	PCS		SS Plaza	1	1	Stepier - Banglore.pdf	Dry Fit T-Shirt
Dry Fit T-Shirt	750	PCS		SS Plaza	1	1	Stepier - Banglore.pdf	Dry Fit T-Shirt
Dura Cell C Type	157.14	PCS		SS Plaza	1	1	Stepier - Banglore.pdf	Dura Cell C Type
Dura Cell C Type [NOS] | HSN 85061000	157.14	PCS		SS Plaza	1	1	Stepier - Banglore.pdf	Dura Cell C Type [NOS] | HSN 85061000
Duracell AA	33.95	PCS		SS Plaza	1	1	Stepier - Banglore.pdf	Duracell AA
Duracell AAA	33.95	PCS		SS Plaza	1	1	Stepier - Banglore.pdf	Duracell AAA
Duracell C Type	157.14	PCS		SS Plaza	1	1	Stepier - Banglore.pdf	Duracell C Type
EPSON 003 BLACK INK	850	BOTT	96121010	ETPL THANE	1	1	Hk Mumbai/PARSVATECH JULY26 ETPL (1).pdf	EPSON 003 BLACK INK
EPSON 003 YELLOW INK	850	BOTT	96121010	ETPL THANE	1	1	Hk Mumbai/PARSVATECH JULY26 ETPL (1).pdf	EPSON 003 YELLOW INK
ERASER [NOS] | HSN 401692 | CHANGE TO GST 0pct EXEMPT	1.94	PCS		SS Plaza	1	1	Stepier - Banglore.pdf	ERASER [NOS] | HSN 401692 | CHANGE TO GST 0pct EXEMPT
Epson Ink Bottel	441.35	BOTT		SS Plaza	1	1	Stepier - Banglore.pdf	Epson Ink Bottel
Epson Ink Bottel	550	BOTT		SS Plaza	1	1	Stepier - Banglore.pdf	Epson Ink Bottel
Epson Ink Bottel BLACK [NOS] | HSN 32151190	550	BOTT		SS Plaza	1	1	Stepier - Banglore.pdf	Epson Ink Bottel BLACK [NOS] | HSN 32151190
Epson Ink Bottel COLOUR [NOS] | HSN 32151190	441.35	BOTT		SS Plaza	1	1	Stepier - Banglore.pdf	Epson Ink Bottel COLOUR [NOS] | HSN 32151190
Epson Ink Bottle	441.35	BOTT		SS Plaza	1	1	Stepier - Banglore.pdf	Epson Ink Bottle
Eraser	1.94	PCS		SS Plaza	1	1	Stepier - Banglore.pdf	Eraser
FACE MASK	2	PCS	7323	NOIDA, SIGMA 2ND FLOOR, SIGMA 7TH FLOOR	3	3	Hk Mumbai/PARSVATECH JULY26 SIGMA 2ND FLOOR (1).pdf	FACE MASK — ₹2
FEATHER BRUSH	40	PCS	3926	ETPL THANE, NOIDA, SIGMA 2ND FLOOR, SIGMA 7TH FLOOR	4	4	Hk Mumbai/PARSVATECH JULY26 ETPL (1).pdf	FEATHER BRUSH — ₹40
FEVI KWICK SMALL	4.2	PCS	3506	SIGMA 2ND FLOOR, SIGMA 7TH FLOOR	2	2	Hk Mumbai/PARSVATECH JULY26 SIGMA 2ND FLOOR (1).pdf	FEVI KWICK SMALL — ₹4.2
FEVIKWIK SMALL	3.88	PCS		SS Plaza	1	1	Stepier - Banglore.pdf	FEVIKWIK SMALL
FEVIKWIK SMALL [NOS] | HSN 3506	3.88	PCS		SS Plaza	1	1	Stepier - Banglore.pdf	FEVIKWIK SMALL [NOS] | HSN 3506
FEVISTICK 15GM 3M	35	PCS	35061000	NOIDA, SIGMA 2ND FLOOR, SIGMA 7TH FLOOR	3	3	Hk Mumbai/PARSVATECH JULY26 SIGMA 2ND FLOOR (1).pdf	FEVISTICK 15GM 3M — ₹35
FLOOR WIPER 21 inch [NOS] | HSN 96039000	160.5	PCS		SS Plaza	1	1	Stepier - Banglore.pdf	FLOOR WIPER 21 inch [NOS] | HSN 96039000
FLOOR WIPER 21''	160	PCS		AMR Tech Park	1	1	Stepier - Banglore.pdf	FLOOR WIPER 21''
FLOOR WIPER 21''	160.5	PCS		SS Plaza	1	1	Stepier - Banglore.pdf	FLOOR WIPER 21''
FLOOR WIPPER	120	PCS	9603	NOIDA, SIGMA 2ND FLOOR, SIGMA 7TH FLOOR	3	3	Hk Mumbai/PARSVATECH JULY26 SIGMA 2ND FLOOR (1).pdf	FLOOR WIPPER — ₹120
FLY INSECT KILLING MACHINE LAMPSET	3850	SET	4820	NRK STAR INDORE	1	1	Hk Mumbai/PARSVATECH JULY26 INSECT INVOICE (1).pdf	FLY INSECT KILLING MACHINE LAMPSET
FORKS SS STEEL	35	PCS	3924	D WING	1	1	Hk Mumbai/PARSVATECH JULY26 D WING.pdf	FORKS SS STEEL
Face Mask Blue	1.46	PCS		SS Plaza	1	2	Stepier - Banglore.pdf	Face Mask Blue
Face Mask Blue [NOS] | HSN 63029300 | CHANGE TO GST 5pct	1.46	PCS		SS Plaza	1	1	Stepier - Banglore.pdf	Face Mask Blue [NOS] | HSN 63029300 | CHANGE TO GST 5pct
Fevicol 500 Gm [NOS] | HSN 35061000	100	CAN		SS Plaza	1	1	Stepier - Banglore.pdf	Fevicol 500 Gm [NOS] | HSN 35061000
Fevicol SR 998	560	CAN		AMR Tech Park	1	1	Stepier - Banglore.pdf	Fevicol SR 998
First Aid Box	650	BOX		SS Plaza	1	2	Stepier - Banglore.pdf	First Aid Box
Floor Duster (32*32) (FS)	30	PCS		Mahindra Finance - Delhi	1	1	FCGC- Delhi.pdf	Floor Duster (32*32) (FS)
Floor Wiper 21 inch	160.5	PCS		SS Plaza	1	1	Stepier - Banglore.pdf	Floor Wiper 21 inch
GARBAGE BAG BLACK (32*42) (FS)	95	ROLL		Mahindra Finance - Delhi	1	3	FCGC- Delhi.pdf	GARBAGE BAG BLACK (32*42) (FS)
GARBAGE BAG BLACK ROLL 19*21 (FS)	45	ROLL		Mahindra Finance - Delhi	1	3	FCGC- Delhi.pdf	GARBAGE BAG BLACK ROLL 19*21 (FS)
GARBAGE EX LARGE	58.2	ROLL		SS Plaza	1	1	Stepier - Banglore.pdf	GARBAGE EX LARGE
GARBAGE EX LARGE	60	ROLL		AMR Tech Park	1	1	Stepier - Banglore.pdf	GARBAGE EX LARGE
GARBAGE EX LARGE [NOS] | HSN 39232100	58.2	ROLL		SS Plaza	1	1	Stepier - Banglore.pdf	GARBAGE EX LARGE [NOS] | HSN 39232100
GLASS FIBER	70	PCS	6307	D WING	1	1	Hk Mumbai/PARSVATECH JULY26 D WING.pdf	GLASS FIBER
GLASS SQUZEE	350	PCS		SS Plaza	1	1	Stepier - Banglore.pdf	GLASS SQUZEE
GLUE PAD FOR RAT [NOS] | HSN 3926	65	PCS		SS Plaza	1	1	Stepier - Banglore.pdf	GLUE PAD FOR RAT [NOS] | HSN 3926
GODRAJ AIR POKET	52	PCS	3307	3I SAKINAKA, MyGate	2	2	Hk Mumbai/PARSVATECH JULY26 MYGATE.pdf	GODRAJ AIR POKET — ₹52
GODRAJ AIR SPRAY 300 M.L	93	BOTT	3307	3I SAKINAKA, CHARNI ROAD, D WING, ETPL THANE, MyGate	5	5	Hk Mumbai/PARSVATECH JULY26 ETPL (1).pdf	GODRAJ AIR SPRAY 300 M.L — ₹93
GODREJ AER MATIC MACHINE [NOS] | HSN 3307	450	PCS		SS Plaza	1	1	Stepier - Banglore.pdf	GODREJ AER MATIC MACHINE [NOS] | HSN 3307
Garbage Bag Medium	29.1	ROLL		SS Plaza	1	2	Stepier - Banglore.pdf	Garbage Bag Medium
Garbage Bag Medium	30	ROLL		AMR Tech Park	1	1	Stepier - Banglore.pdf	Garbage Bag Medium
Garbage Bag Medium [PKT] | HSN 3923	29.1	ROLL		SS Plaza	1	1	Stepier - Banglore.pdf	Garbage Bag Medium [PKT] | HSN 3923
Garbage Bag Small	30	ROLL		AMR Tech Park	1	1	Stepier - Banglore.pdf	Garbage Bag Small
Garbage Bag XL	58.2	ROLL		SS Plaza	1	1	Stepier - Banglore.pdf	Garbage Bag XL
Glass Wiper Set (FS)	245	SET		Mahindra Finance - Delhi	1	1	FCGC- Delhi.pdf	Glass Wiper Set (FS)
Glue Pad for Rat	65	PCS		SS Plaza	1	2	Stepier - Banglore.pdf	Glue Pad for Rat
Godrej Aer Matic Machine	450	PCS		AMR Tech Park, SS Plaza	2	3	Stepier - Banglore.pdf	Godrej Aer Matic Machine — ₹450
Godrej Airmatic Refill	184.3	BOTT		SS Plaza	1	1	Stepier - Banglore.pdf	Godrej Airmatic Refill
Green Scrubber	12	PCS		AMR Tech Park, SS Plaza	2	3	Stepier - Banglore.pdf	Green Scrubber — ₹12
Green Tea Honey and Lemon Dips	5	PKT		SS Plaza	1	1	Kaffine kingdom - Banglre.pdf	Green Tea Honey and Lemon Dips
Green Tea Tulasi Ginger Turmeric Dips	5	PKT		SS Plaza	1	1	Kaffine kingdom - Banglre.pdf	Green Tea Tulasi Ginger Turmeric Dips
Green Tea Tulasi Pomegranate Dips	5	PKT		SS Plaza	1	1	Kaffine kingdom - Banglre.pdf	Green Tea Tulasi Pomegranate Dips
HAND GLOVES - RED	25	PAIR	4015	NOIDA, SIGMA 2ND FLOOR, SIGMA 7TH FLOOR	3	3	Hk Mumbai/PARSVATECH JULY26 SIGMA 2ND FLOOR (1).pdf	HAND GLOVES - RED — ₹25
HAND GLOVES BLUE	25	PAIR	4015	ETPL THANE, NOIDA	2	2	Hk Mumbai/PARSVATECH JULY26 ETPL (1).pdf	HAND GLOVES BLUE — ₹25
HAND GLOVES RUBBER [PAIR] | HSN 6116	29.1	PAIR		SS Plaza	1	1	Stepier - Banglore.pdf	HAND GLOVES RUBBER [PAIR] | HSN 6116
HANS REGISTER 192 PAGE (FS)	85	PCS		Arcil Sky Mark - Noida	1	1	FCGC- Delhi.pdf	HANS REGISTER 192 PAGE (FS)
HANS REGISTER 240 (FS)	102	PCS		Arcil Sky Mark - Noida	1	1	FCGC- Delhi.pdf	HANS REGISTER 240 (FS)
HANSAPLAST REGULAR (FS)	2.2	PCS		Arcil Sky Mark - Noida	1	1	FCGC- Delhi.pdf	HANSAPLAST REGULAR (FS)
HARD BROOM	43.05	PCS		SS Plaza	1	1	Stepier - Banglore.pdf	HARD BROOM
HARPIC BLUE 5LTR (FS)	851	CAN		Mahindra Finance - Delhi	1	1	FCGC- Delhi.pdf	HARPIC BLUE 5LTR (FS)
HIGHLIGHTER [NOS] | HSN 960820	18	PCS		SS Plaza	1	1	Stepier - Banglore.pdf	HIGHLIGHTER [NOS] | HSN 960820
HIT SPARY BIG BLACK	175	CAN	3808	CHARNI ROAD	1	1	Hk Mumbai/PARSVATECH JULY26 CHARNI ROAD (2).pdf	HIT SPARY BIG BLACK
HIT SPRAY BIG RED	175	CAN	3808	3I SAKINAKA, MyGate	2	2	Hk Mumbai/PARSVATECH JULY26 MYGATE.pdf	HIT SPRAY BIG RED — ₹175
HIT SPRAY BLACK	120	CAN		SS Plaza	1	1	Stepier - Banglore.pdf	HIT SPRAY BLACK
HIT SPRAY RED	120	CAN		AMR Tech Park	1	1	Stepier - Banglore.pdf	HIT SPRAY RED
Hand Gloves Rubber	29.1	PAIR		SS Plaza	1	2	Stepier - Banglore.pdf	Hand Gloves Rubber
Hand Sanitizer 5 Ltr	720	CAN		SS Plaza	1	1	Stepier - Banglore.pdf	Hand Sanitizer 5 Ltr
Handwash (5Ltr) (FS)	495	CAN		Mahindra Finance - Delhi	1	1	FCGC- Delhi.pdf	Handwash (5Ltr) (FS)
Handwash Pink Greenar (5Ltr) (FS)	495	CAN		Mahindra Finance - Delhi	1	1	FCGC- Delhi.pdf	Handwash Pink Greenar (5Ltr) (FS)
IRIS LEMON GRASS 1LTR [LTR] | HSN 33074900	1050	LTR		SS Plaza	1	1	Stepier - Banglore.pdf	IRIS LEMON GRASS 1LTR [LTR] | HSN 33074900
Id Card Teg (UOM: PCS)	40	PCS		AMR Tech Park	1	1	Stepier - Banglore.pdf	Id Card Teg (UOM: PCS)
Iris Lemon Grass 1 Ltr	1050	LTR		SS Plaza	1	1	Stepier - Banglore.pdf	Iris Lemon Grass 1 Ltr
JET SPRAY PIPE SET	425	SET		Mahindra Finance - Delhi	1	1	FCGC- Delhi.pdf	JET SPRAY PIPE SET
JK A COPIER 70 GSM A/4	174.6	PKT		SS Plaza	1	1	Stepier - Banglore.pdf	JK A COPIER 70 GSM A/4
KANGARO STEPLER PIN NO 10 [NOS] | HSN 8503	5.5	BOX		SS Plaza	1	1	Stepier - Banglore.pdf	KANGARO STEPLER PIN NO 10 [NOS] | HSN 8503
KANGROO STAPLER MACHINE HP 45	190	PCS	84729010	D WING	1	1	Hk Mumbai/PARSVATECH JULY26 D WING.pdf	KANGROO STAPLER MACHINE HP 45
KEY CHAIN	90	BOX		SS Plaza	1	1	Stepier - Banglore.pdf	KEY CHAIN
KEY CHAIN [BOX] | HSN 3926	87.5	BOX		SS Plaza	1	1	Stepier - Banglore.pdf	KEY CHAIN [BOX] | HSN 3926
KITCHEN WIPER [NOS] | HSN 96039000	29.1	PCS		SS Plaza	1	1	Stepier - Banglore.pdf	KITCHEN WIPER [NOS] | HSN 96039000
Kangaro Punch Dp-52	85	PCS		SS Plaza	1	1	Stepier - Banglore.pdf	Kangaro Punch Dp-52
Kangaro Stapler Pin No 10	5.5	BOX		SS Plaza	1	1	Stepier - Banglore.pdf	Kangaro Stapler Pin No 10
Key Chain	87.5	BOX		SS Plaza	1	1	Stepier - Banglore.pdf	Key Chain
Kitchen Wiper	27.16	PCS		SS Plaza	1	2	Stepier - Banglore.pdf	Kitchen Wiper
LEMON GRASS OIL	1450	BOTT	3307	ETPL THANE, NOIDA, SIGMA 2ND FLOOR, SIGMA 7TH FLOOR	4	4	Hk Mumbai/PARSVATECH JULY26 ETPL (1).pdf	LEMON GRASS OIL — ₹1450
LIQUID HAND WASH 5 LTR	410	CAN	3402	3I SAKINAKA, ETPL THANE, MyGate, NOIDA, SIGMA 2ND FLOOR, SIGMA 7TH FLOOR	6	6	Hk Mumbai/PARSVATECH JULY26 ETPL (1).pdf	LIQUID HAND WASH 5 LTR — ₹410
Lamination Sheet A3	890	PKT		SS Plaza	1	1	Stepier - Banglore.pdf	Lamination Sheet A3
Lamination Sheet A4 [PKT] | HSN 39206939	450	PKT		SS Plaza	1	1	Stepier - Banglore.pdf	Lamination Sheet A4 [PKT] | HSN 39206939
Lizol 5Ltr (FS)	848	CAN		Sky mark - Noida	1	1	FCGC- Delhi.pdf	Lizol 5Ltr (FS)
M FOLDTISSUE (FS)	28	PKT		Mahindra Finance - Delhi	1	1	FCGC- Delhi.pdf	M FOLDTISSUE (FS)
M Fold Despenser	550	PCS		MyGate - VKG	1	1	Shree krishna ent - Tissue.pdf	M Fold Despenser
M Fold Tissue	22	PKT		SS Plaza	1	2	Stepier - Banglore.pdf	M Fold Tissue
M Fold Tissue (FS)	28	PKT		Mahindra Finance - Delhi	1	2	FCGC- Delhi.pdf	M Fold Tissue (FS)
M Fold Tissue [PKT] | HSN 48182000	22	PKT		SS Plaza	1	1	Stepier - Banglore.pdf	M Fold Tissue [PKT] | HSN 48182000
M Fold Tissue-P	34	PKT		B wing - Mafatlal Chambers, NRK Star - Indore	2	2	Shree krishna ent - Tissue.pdf	M Fold Tissue-P — ₹34
M/T WATER BOTTEL CELLO	135	PCS	3923	3I SAKINAKA, MyGate, NOIDA	3	3	Hk Mumbai/PARSVATECH JULY26 NOIDA (1).pdf	M/T WATER BOTTEL CELLO — ₹135
MASKING TAP1 ENCH ABROO MK	35	PCS	4811	ETPL THANE	1	1	Hk Mumbai/PARSVATECH JULY26 ETPL (1).pdf	MASKING TAP1 ENCH ABROO MK
MASKING TAPE 1 inch [NOS] | HSN 4811	24.25	PCS		SS Plaza	1	1	Stepier - Banglore.pdf	MASKING TAPE 1 inch [NOS] | HSN 4811
MASKING TAPE 1"	24.25	PCS		SS Plaza	1	1	Stepier - Banglore.pdf	MASKING TAPE 1"
MED STEEL DUSBIN PEDAL	850	SET	7323	NOIDA	1	1	Hk Mumbai/PARSVATECH JULY26 NOIDA (1).pdf	MED STEEL DUSBIN PEDAL
MICRO FIBER CLOTH	24.25	PCS		SS Plaza	1	1	Stepier - Banglore.pdf	MICRO FIBER CLOTH
MICRO FIBER CLOTH [NOS] | HSN 63029300 | CHANGE TO GST 5pct	24.25	PCS		SS Plaza	1	1	Stepier - Banglore.pdf	MICRO FIBER CLOTH [NOS] | HSN 63029300 | CHANGE TO GST 5pct
MICRO FIBER DUSTER 270 GSM Blue (FS)	39	PCS		Mahindra Finance - Delhi	1	1	FCGC- Delhi.pdf	MICRO FIBER DUSTER 270 GSM Blue (FS)
MICROFIBER DUSTER	20	PCS	63029300	NOIDA	1	1	Hk Mumbai/PARSVATECH JULY26 NOIDA (1).pdf	MICROFIBER DUSTER
MICROFIBER DUSTER BLUE	20	PCS	63029300	ETPL THANE, SIGMA 2ND FLOOR, SIGMA 7TH FLOOR	3	3	Hk Mumbai/PARSVATECH JULY26 ETPL (1).pdf	MICROFIBER DUSTER BLUE — ₹20
MICROFIBER DUSTER GREEN	20	PCS	63029300	ETPL THANE	1	1	Hk Mumbai/PARSVATECH JULY26 ETPL (1).pdf	MICROFIBER DUSTER GREEN
MICROFIBER DUSTER GREEN THICK IMP	65	PCS	63029300	D WING	1	1	Hk Mumbai/PARSVATECH JULY26 D WING.pdf	MICROFIBER DUSTER GREEN THICK IMP
MICROFIBER DUSTER MIX	20	PCS	63029300	3I SAKINAKA	1	1	Hk Mumbai/PARSVATECH JULY26 3I SAKINAKA.pdf	MICROFIBER DUSTER MIX
MICROFIBER DUSTER RED	20	PCS	63029300	ETPL THANE, SIGMA 2ND FLOOR	2	2	Hk Mumbai/PARSVATECH JULY26 ETPL (1).pdf	MICROFIBER DUSTER RED — ₹20
MICROFIBER DUSTER YELLOW	20	PCS	63029300	ETPL THANE, SIGMA 2ND FLOOR, SIGMA 7TH FLOOR	3	4	Hk Mumbai/PARSVATECH JULY26 ETPL (1).pdf	MICROFIBER DUSTER YELLOW — ₹20
MILK TP -COFFEE DAY-H	77	LTR		Mafatlal Chember -A wing, Mafatlal WS	2	2	purchaseorders (11).pdf	MILK TP -COFFEE DAY-H — ₹77
MOP ROD THREAD	140	PCS	9603	ETPL THANE, SIGMA 2ND FLOOR, SIGMA 7TH FLOOR	3	3	Hk Mumbai/PARSVATECH JULY26 ETPL (1).pdf	MOP ROD THREAD — ₹140
MOP ROD THREAD DRY	140	PCS	9603	NOIDA	1	1	Hk Mumbai/PARSVATECH JULY26 NOIDA (1).pdf	MOP ROD THREAD DRY
MOP ROD THREAD RED	140	PCS	9603	NOIDA	1	1	Hk Mumbai/PARSVATECH JULY26 NOIDA (1).pdf	MOP ROD THREAD RED
Madhur Sugar	70	KG		2nd Floor - Sigma IT Park, 7th Floor - Sigma IT Park	2	3	purchaseorders (10).pdf	Madhur Sugar — ₹70
Masking Tape 1 inch	24.25	PCS		SS Plaza	1	1	Stepier - Banglore.pdf	Masking Tape 1 inch
Micro Fiber Cloth	25	PCS		AMR Tech Park	1	2	Stepier - Banglore.pdf	Micro Fiber Cloth
Micro Fiber Duster 270 GSM (FS)	39	PCS		Mahindra Finance - Delhi	1	2	FCGC- Delhi.pdf	Micro Fiber Duster 270 GSM (FS)
Milk Bags	5	PKT		SS Plaza	1	1	Kaffine kingdom - Banglre.pdf	Milk Bags
Milk Powder 1 KG (FS)	615	KG		Sky mark - Noida	1	1	FCGC- Delhi.pdf	Milk Powder 1 KG (FS)
Multi Plug	120	PCS		SS Plaza	1	1	Stepier - Banglore.pdf	Multi Plug
Multiplug 16A	180	PCS		SS Plaza	1	1	Stepier - Banglore.pdf	Multiplug 16A
NAPTHALENE BALL	160	PKT	2902	NOIDA, SIGMA 2ND FLOOR, SIGMA 7TH FLOOR	3	3	Hk Mumbai/PARSVATECH JULY26 SIGMA 2ND FLOOR (1).pdf	NAPTHALENE BALL — ₹160
NESCAFE COFFEE POWDER	665	PKT		2nd Floor - Sigma IT Park, 7th Floor - Sigma IT Park	2	2	purchaseorders (10).pdf	NESCAFE COFFEE POWDER — ₹665
NONDUST BROOM	120	PCS	40169200	ETPL THANE	1	1	Hk Mumbai/PARSVATECH JULY26 ETPL (1).pdf	NONDUST BROOM
NOTE PAD [NOS] | HSN 4820	3.88	PCS		SS Plaza	1	1	Stepier - Banglore.pdf	NOTE PAD [NOS] | HSN 4820
NOTICE BOARD PIN [PKT] | HSN 73191010	11.64	PKT		SS Plaza	1	1	Stepier - Banglore.pdf	NOTICE BOARD PIN [PKT] | HSN 73191010
NOVAJET STICKER PAPER MPL-1	242.5	PKT		SS Plaza	1	1	Stepier - Banglore.pdf	NOVAJET STICKER PAPER MPL-1
NOVAJET STICKER PAPER MPL-1 [PKT] | HSN 4802	242.5	PKT		SS Plaza	1	1	Stepier - Banglore.pdf	NOVAJET STICKER PAPER MPL-1 [PKT] | HSN 4802
Name Plate	80	PCS		SS Plaza	1	1	Stepier - Banglore.pdf	Name Plate
Note Pad	12	PCS		SS Plaza	1	2	Stepier - Banglore.pdf	Note Pad
Notice Board Pin	11.64	PKT		SS Plaza	1	2	Stepier - Banglore.pdf	Notice Board Pin
ODONIL ROOM FRESHNER SPRAY	92.15	CAN		SS Plaza	1	1	Stepier - Banglore.pdf	ODONIL ROOM FRESHNER SPRAY
ODONIL ROOM FRESHNER SPRAY	95	CAN		AMR Tech Park	1	1	Stepier - Banglore.pdf	ODONIL ROOM FRESHNER SPRAY
ODONIL ROOM FRESHNER SPRAY [NOS] | HSN 3307	92.15	CAN		SS Plaza	1	1	Stepier - Banglore.pdf	ODONIL ROOM FRESHNER SPRAY [NOS] | HSN 3307
ODONIL ZIPPER (FS)	51.5	PCS		Mahindra Finance - Delhi	1	3	FCGC- Delhi.pdf	ODONIL ZIPPER (FS)
OHP MARKER [NOS] | HSN 9608	6.76	PCS		SS Plaza	1	1	Stepier - Banglore.pdf	OHP MARKER [NOS] | HSN 9608
OHP Marker	6.76	PCS		SS Plaza	1	2	Stepier - Banglore.pdf	OHP Marker
Odonil Room Freshener Spray	92.15	CAN		SS Plaza	1	1	Stepier - Banglore.pdf	Odonil Room Freshener Spray
Odonil Zipper	32	PCS		AMR Tech Park	1	1	Stepier - Banglore.pdf	Odonil Zipper
Orbit Toilet Brush (FS)	75	PCS		Sky mark - Noida	1	1	FCGC- Delhi.pdf	Orbit Toilet Brush (FS)
P P FOLDER	250	PKT	4820	ETPL THANE	1	1	Hk Mumbai/PARSVATECH JULY26 ETPL (1).pdf	P P FOLDER
PAPER CUP (210ML) (FS)	0.62	PCS		Mahindra Finance - Delhi	1	3	FCGC- Delhi.pdf	PAPER CUP (210ML) (FS)
PAPER CUP 90 ML	33.95	PKT		SS Plaza	1	1	Stepier - Banglore.pdf	PAPER CUP 90 ML
PAPER CUPS- 150ML	1.3	PCS	4823	3I SAKINAKA, MyGate	2	2	Hk Mumbai/PARSVATECH JULY26 MYGATE.pdf	PAPER CUPS- 150ML — ₹1.3
PAPER CUPS- 85ML	0.9	PCS	4823	ETPL THANE	1	1	Hk Mumbai/PARSVATECH JULY26 ETPL (1).pdf	PAPER CUPS- 85ML
PAPER CUTTER BIG	29.1	PCS		SS Plaza	1	1	Stepier - Banglore.pdf	PAPER CUTTER BIG
PAPER CUTTER BIG [NOS] | HSN 8214	4.85	PCS		SS Plaza	1	1	Stepier - Banglore.pdf	PAPER CUTTER BIG [NOS] | HSN 8214
PHOTO GLOSSY PAPERS [PKT] | HSN 4810	120	PKT		SS Plaza	1	1	Stepier - Banglore.pdf	PHOTO GLOSSY PAPERS [PKT] | HSN 4810
PLASTIC BUCKET 10 LTR [NOS] | HSN 3924	101	PCS		SS Plaza	1	1	Stepier - Banglore.pdf	PLASTIC BUCKET 10 LTR [NOS] | HSN 3924
PLASTIC DUST PAN	27.16	PCS		SS Plaza	1	1	Stepier - Banglore.pdf	PLASTIC DUST PAN
PLASTIC DUST PAN [NOS] | HSN 7323	27.16	PCS		SS Plaza	1	1	Stepier - Banglore.pdf	PLASTIC DUST PAN [NOS] | HSN 7323
PLASTIC DUSTBIN 80 LTR SWING	630.5	PCS		SS Plaza	1	1	Stepier - Banglore.pdf	PLASTIC DUSTBIN 80 LTR SWING
PLASTIC MUG	20	PCS	3923	CHARNI ROAD	1	1	Hk Mumbai/PARSVATECH JULY26 CHARNI ROAD (2).pdf	PLASTIC MUG
PLASTIC MUG [NOS] | HSN 39249090	19.4	PCS		SS Plaza	1	1	Stepier - Banglore.pdf	PLASTIC MUG [NOS] | HSN 39249090
PLASTIC SCALE 12 inch [NOS] | HSN 90172010	7.76	PCS		SS Plaza	1	1	Stepier - Banglore.pdf	PLASTIC SCALE 12 inch [NOS] | HSN 90172010
POST-IT 25X75cm COLOUR	32	PKT		SS Plaza	1	1	Stepier - Banglore.pdf	POST-IT 25X75cm COLOUR
PUNCH MACHINE NO.280	70	PCS	8472	NOIDA	1	1	Hk Mumbai/PARSVATECH JULY26 NOIDA (1).pdf	PUNCH MACHINE NO.280
Paper Cup 110 ML	33.95	PKT		SS Plaza	1	1	Stepier - Banglore.pdf	Paper Cup 110 ML
Paper Cup 110 ML [NOS] | HSN 48189000	33.95	PKT		SS Plaza	1	1	Stepier - Banglore.pdf	Paper Cup 110 ML [NOS] | HSN 48189000
Paper Cutter Blade Big	45	PKT		SS Plaza	1	1	Stepier - Banglore.pdf	Paper Cutter Blade Big
Paper Cutter Steel	29.1	PCS		SS Plaza	1	1	Stepier - Banglore.pdf	Paper Cutter Steel
Photo Glossy Papers	120	PKT		SS Plaza	1	2	Stepier - Banglore.pdf	Photo Glossy Papers
Plain Paper Cup	0.75	PCS		Mafatlal Chember -A wing, Mafatlal WS	2	2	purchaseorders (11).pdf	Plain Paper Cup — ₹0.75
Plant Fertilizer	35	PKT		SS Plaza	1	2	Stepier - Banglore.pdf	Plant Fertilizer
Plastic Bowl	85	PCS		SS Plaza	1	1	Stepier - Banglore.pdf	Plastic Bowl
Plastic Bucket 16 Ltr	160	PCS	3923	CHARNI ROAD	1	1	Hk Mumbai/PARSVATECH JULY26 CHARNI ROAD (2).pdf	Plastic Bucket 16 Ltr
Post-It Pad 3X3	35	PKT		SS Plaza	1	1	Stepier - Banglore.pdf	Post-It Pad 3X3
Premier Tissue Box	38	BOX		AMR Tech Park	1	1	Stepier - Banglore.pdf	Premier Tissue Box
Premier Tissue Box	38.8	BOX		SS Plaza	1	1	Stepier - Banglore.pdf	Premier Tissue Box
Premier Tissue Box [PKT] | HSN 48182000	38.8	BOX		SS Plaza	1	1	Stepier - Banglore.pdf	Premier Tissue Box [PKT] | HSN 48182000
Prill Liquid 425 Ml (FS)	99	BOTT		Mahindra Finance - Delhi	1	2	FCGC- Delhi.pdf	Prill Liquid 425 Ml (FS)
Prill Liquid 425ml (FS)	99	BOTT		Mahindra Finance - Delhi	1	1	FCGC- Delhi.pdf	Prill Liquid 425ml (FS)
Printed ID Card Set	120	SET		SS Plaza	1	1	Stepier - Banglore.pdf	Printed ID Card Set
Printed ID Card Set (UOM: SET)	100	SET		AMR Tech Park	1	1	Stepier - Banglore.pdf	Printed ID Card Set (UOM: SET)
R6 Liquid ( 5 Litre)	625	CAN	3402	ETPL THANE, NOIDA	2	2	Hk Mumbai/PARSVATECH JULY26 ETPL (1).pdf	R6 Liquid ( 5 Litre) — ₹625
R6 Liquid ( 5 Litre) REVA	625	CAN	3402	3I SAKINAKA, CHARNI ROAD, SIGMA 2ND FLOOR, SIGMA 7TH FLOOR	4	4	Hk Mumbai/PARSVATECH JULY26 SIGMA 2ND FLOOR (1).pdf	R6 Liquid ( 5 Litre) REVA — ₹625
REGISTER 2 QR [NOS] | HSN 48201010	46.56	PCS		SS Plaza	1	1	Stepier - Banglore.pdf	REGISTER 2 QR [NOS] | HSN 48201010
REGISTER 4 QR	95.06	PCS		SS Plaza	1	1	Stepier - Banglore.pdf	REGISTER 4 QR
REGISTER 4 QR [NOS] | HSN 48201010	95.06	PCS		SS Plaza	1	1	Stepier - Banglore.pdf	REGISTER 4 QR [NOS] | HSN 48201010
REVA D 7 5 Ltr	1400	CAN	3402	NOIDA, SIGMA 2ND FLOOR, SIGMA 7TH FLOOR	3	3	Hk Mumbai/PARSVATECH JULY26 SIGMA 2ND FLOOR (1).pdf	REVA D 7 5 Ltr — ₹1400
REVA HAND WASH 5LTR	520	CAN	3402	CHARNI ROAD	1	1	Hk Mumbai/PARSVATECH JULY26 CHARNI ROAD (2).pdf	REVA HAND WASH 5LTR
REVA R1 - 5ltr	855	CAN	3402	CHARNI ROAD, NOIDA	2	2	Hk Mumbai/PARSVATECH JULY26 NOIDA (1).pdf	REVA R1 - 5ltr — ₹855
REVA R2 5 LTR	805	CAN	3402	CHARNI ROAD, NOIDA	2	2	Hk Mumbai/PARSVATECH JULY26 NOIDA (1).pdf	REVA R2 5 LTR — ₹805
REVA R3 - 5ltr	875	CAN	3402	CHARNI ROAD	1	1	Hk Mumbai/PARSVATECH JULY26 CHARNI ROAD (2).pdf	REVA R3 - 5ltr
REVA R4 5 LTR	1335	CAN	3402	CHARNI ROAD	1	1	Hk Mumbai/PARSVATECH JULY26 CHARNI ROAD (2).pdf	REVA R4 5 LTR
REVA R5 LTR	795	CAN	3402	CHARNI ROAD, D WING, MyGate, NOIDA	4	4	Hk Mumbai/PARSVATECH JULY26 D WING.pdf	REVA R5 LTR — ₹795
REVA TR 101 5LTR	900	CAN	3402	NOIDA	1	1	Hk Mumbai/PARSVATECH JULY26 NOIDA (1).pdf	REVA TR 101 5LTR
ROOM FRESHNER SPRAY ODONIL (FS)	115	CAN		Mahindra Finance - Delhi	1	3	FCGC- Delhi.pdf	ROOM FRESHNER SPRAY ODONIL (FS)
ROOSH ASSAM TEA NEW	190	PKT		Mafatlal Chember -A wing, Mafatlal WS	2	2	purchaseorders (11).pdf	ROOSH ASSAM TEA NEW — ₹190
ROOSH CARDAMOM TEA	285	PKT		Mafatlal Chember -A wing	1	1	purchaseorders (11).pdf	ROOSH CARDAMOM TEA
ROOSH GINGER TEA	285	PKT		Mafatlal Chember -A wing, Mafatlal WS	2	2	purchaseorders (11).pdf	ROOSH GINGER TEA — ₹285
ROOSH GREEN TEA	120	PKT		Mafatlal Chember -A wing, Mafatlal WS	2	2	purchaseorders (11).pdf	ROOSH GREEN TEA — ₹120
ROOSH MASALA TEA	285	PKT		Mafatlal Chember -A wing, Mafatlal WS	2	2	purchaseorders (11).pdf	ROOSH MASALA TEA — ₹285
ROOSH NEW LEMON TEA	120	PKT		Mafatlal Chember -A wing	1	1	purchaseorders (11).pdf	ROOSH NEW LEMON TEA
RUBBER BAND 2 inch [PKT] | HSN 4016 | CHANGE TO GST 12pct	35	PKT		SS Plaza	1	1	Stepier - Banglore.pdf	RUBBER BAND 2 inch [PKT] | HSN 4016 | CHANGE TO GST 12pct
Register 1 QR	38.8	PCS		SS Plaza	1	2	Stepier - Banglore.pdf	Register 1 QR
Register 1 Qr [NOS] | HSN 48201010	38.8	PCS		SS Plaza	1	1	Stepier - Banglore.pdf	Register 1 Qr [NOS] | HSN 48201010
Register 2 QR	46.56	PCS		SS Plaza	1	2	Stepier - Banglore.pdf	Register 2 QR
Register 2 QR	85	PCS		AMR Tech Park	1	1	Stepier - Banglore.pdf	Register 2 QR
Register 3 QR	65.96	PCS		SS Plaza	1	2	Stepier - Banglore.pdf	Register 3 QR
Register 3 Qr [NOS] | HSN 48201010	65.96	PCS		SS Plaza	1	1	Stepier - Banglore.pdf	Register 3 Qr [NOS] | HSN 48201010
Register 5 QR	104.76	PCS		SS Plaza	1	1	Stepier - Banglore.pdf	Register 5 QR
Register 5Q	104.76	PCS		SS Plaza	1	1	Stepier - Banglore.pdf	Register 5Q
Register 5Q [NOS] | HSN 4820	104.76	PCS		SS Plaza	1	1	Stepier - Banglore.pdf	Register 5Q [NOS] | HSN 4820
Roastea Detox Kahwa Green Tea	5	PKT		SS Plaza	1	1	Kaffine kingdom - Banglre.pdf	Roastea Detox Kahwa Green Tea
Rubber Band 2 inch	35	PKT		SS Plaza	1	1	Stepier - Banglore.pdf	Rubber Band 2 inch
Rubber Hand Glose Blue	22	PAIR		SS Plaza	1	1	Stepier - Banglore.pdf	Rubber Hand Glose Blue
Rubber Hand Glose Blue [PKT] | HSN 4015	22	PAIR		SS Plaza	1	1	Stepier - Banglore.pdf	Rubber Hand Glose Blue [PKT] | HSN 4015
Rubber Hand Gloves Blue	22	PAIR		SS Plaza	1	1	Stepier - Banglore.pdf	Rubber Hand Gloves Blue
SCISSOR AMKAY MIDDIUM (FS)	75	PCS		Mahindra Finance - Delhi	1	1	FCGC- Delhi.pdf	SCISSOR AMKAY MIDDIUM (FS)
SCISSOR MEDIUM SIZE	29.1	PCS		SS Plaza	1	1	Stepier - Banglore.pdf	SCISSOR MEDIUM SIZE
SCISSOR MEDIUM SIZE [NOS] | HSN 82130000	29.1	PCS		SS Plaza	1	1	Stepier - Banglore.pdf	SCISSOR MEDIUM SIZE [NOS] | HSN 82130000
SCISSORS	85	PCS	8213	NOIDA	1	1	Hk Mumbai/PARSVATECH JULY26 NOIDA (1).pdf	SCISSORS
SCISSORS MED	85	PCS	8213	D WING	1	1	Hk Mumbai/PARSVATECH JULY26 D WING.pdf	SCISSORS MED
SCOTCH BRITE 3M	16	PCS	7323	3I SAKINAKA, ETPL THANE, MyGate	3	3	Hk Mumbai/PARSVATECH JULY26 ETPL (1).pdf	SCOTCH BRITE 3M — ₹16
SCOTCH BRITE SMALL [NOS] | HSN 68053000	9.7	PCS		SS Plaza	1	1	Stepier - Banglore.pdf	SCOTCH BRITE SMALL [NOS] | HSN 68053000
SCOTCH BRITE WITH SPONGE3M	30	PCS	7323	CHARNI ROAD, D WING, NOIDA	3	3	Hk Mumbai/PARSVATECH JULY26 D WING.pdf	SCOTCH BRITE WITH SPONGE3M — ₹30
SHEET PROTECTOR A4 [NOS] | HSN 3926	2.42	PCS		SS Plaza	1	1	Stepier - Banglore.pdf	SHEET PROTECTOR A4 [NOS] | HSN 3926
SINGLE DISC MACHINE 1.5HP FULL SET	33500	SET	4820	NOIDA	1	1	Hk Mumbai/PARSVATECH JULY26 NOIDA (1).pdf	SINGLE DISC MACHINE 1.5HP FULL SET
SOAP DISPENSAR	450	SET	84182100	NOIDA	1	1	Hk Mumbai/PARSVATECH JULY26 NOIDA (1).pdf	SOAP DISPENSAR
SOFT BROOM	77.6	PCS		SS Plaza	1	1	Stepier - Banglore.pdf	SOFT BROOM
SPOON SS STEEL MED	35	PCS	3924	D WING	1	1	Hk Mumbai/PARSVATECH JULY26 D WING.pdf	SPOON SS STEEL MED
SPRAY BOTTLE	40	PCS	3923	ETPL THANE, NOIDA	2	2	Hk Mumbai/PARSVATECH JULY26 ETPL (1).pdf	SPRAY BOTTLE — ₹40
SPRAY BOTTLE 1000ML [NOS] | HSN 3923	29.1	PCS		SS Plaza	1	1	Stepier - Banglore.pdf	SPRAY BOTTLE 1000ML [NOS] | HSN 3923
SPRING FILE	11.46	PCS		SS Plaza	1	1	Stepier - Banglore.pdf	SPRING FILE
SPRING FILE [NOS] | HSN 4820	11.64	PCS		SS Plaza	1	1	Stepier - Banglore.pdf	SPRING FILE [NOS] | HSN 4820
SS DUSTBIN 5 L	450	PCS		SS Plaza	1	1	Stepier - Banglore.pdf	SS DUSTBIN 5 L
STAINLESS STEEL KNIFE [NOS] | HSN 82159900	29.1	PCS		SS Plaza	1	1	Stepier - Banglore.pdf	STAINLESS STEEL KNIFE [NOS] | HSN 82159900
STAPLER MACHINE MAX NO.10	65	PCS	8472	NOIDA	1	1	Hk Mumbai/PARSVATECH JULY26 NOIDA (1).pdf	STAPLER MACHINE MAX NO.10
STEEL SCALE 12"	25	PCS	9017	NOIDA	1	1	Hk Mumbai/PARSVATECH JULY26 NOIDA (1).pdf	STEEL SCALE 12"
STEEL SCALE 12''	7.76	PCS		SS Plaza	1	1	Stepier - Banglore.pdf	STEEL SCALE 12''
STEEL SCRUBBER [NOS] | HSN 3402	7.76	PCS		SS Plaza	1	1	Stepier - Banglore.pdf	STEEL SCRUBBER [NOS] | HSN 3402
SUGAR SACHETS	0.7	PCS		Mafatlal Chember -A wing, Mafatlal WS	2	2	purchaseorders (11).pdf	SUGAR SACHETS — ₹0.7
SURGICAL HAND GLOVES (FS)	265	BOX		Mahindra Finance - Delhi	1	3	FCGC- Delhi.pdf	SURGICAL HAND GLOVES (FS)
Sani Cube	70	PKT	3307	NOIDA, SIGMA 2ND FLOOR, SIGMA 7TH FLOOR	3	3	Hk Mumbai/PARSVATECH JULY26 SIGMA 2ND FLOOR (1).pdf	Sani Cube — ₹70
Schevaran All klean S-2 (Multi-purpose ) 5ltr	533.5	CAN		SS Plaza	1	2	Stepier - Banglore.pdf	Schevaran All klean S-2 (Multi-purpose ) 5ltr
Schevaran All klean S-2 (Multi-purpose) 5ltr [CAN] | HSN 34054000	533.5	CAN		SS Plaza	1	1	Stepier - Banglore.pdf	Schevaran All klean S-2 (Multi-purpose) 5ltr [CAN] | HSN 34054000
Schevaran Carpet Brite S17 5ltr	824.5	CAN		SS Plaza	1	2	Stepier - Banglore.pdf	Schevaran Carpet Brite S17 5ltr
Schevaran Carpet Brite S17 5ltr [CAN] | HSN 3402	824.5	CAN		SS Plaza	1	1	Stepier - Banglore.pdf	Schevaran Carpet Brite S17 5ltr [CAN] | HSN 3402
Schevaran Citrus Scrub K16 5ltr	591.7	CAN		SS Plaza	1	2	Stepier - Banglore.pdf	Schevaran Citrus Scrub K16 5ltr
Schevaran Citrus Scrub K16 5ltr [CAN] | HSN 34054000	591.7	CAN		SS Plaza	1	1	Stepier - Banglore.pdf	Schevaran Citrus Scrub K16 5ltr [CAN] | HSN 34054000
Schevaran Germ Free S1 5ltr	606.25	CAN		SS Plaza	1	2	Stepier - Banglore.pdf	Schevaran Germ Free S1 5ltr
Schevaran Germ Free S1 5ltr [CAN] | HSN 34054000	606.25	CAN		SS Plaza	1	1	Stepier - Banglore.pdf	Schevaran Germ Free S1 5ltr [CAN] | HSN 34054000
Schevaran Glass Cleaner 5ltr	504.4	CAN		SS Plaza	1	2	Stepier - Banglore.pdf	Schevaran Glass Cleaner 5ltr
Schevaran Glass Cleaner 5ltr [CAN] | HSN 34054000	504.4	CAN		SS Plaza	1	1	Stepier - Banglore.pdf	Schevaran Glass Cleaner 5ltr [CAN] | HSN 34054000
Schevaran Labello S-11 ( Handwash) 5ltr	720	CAN		SS Plaza	1	2	Stepier - Banglore.pdf	Schevaran Labello S-11 ( Handwash) 5ltr
Schevaran Labello S-11 (Handwash) 5ltr [CAN] | HSN 34029090	720	CAN		SS Plaza	1	1	Stepier - Banglore.pdf	Schevaran Labello S-11 (Handwash) 5ltr [CAN] | HSN 34029090
Schevaran S-5 (Room Freshener) 5ltr	693.55	CAN		SS Plaza	1	1	Stepier - Banglore.pdf	Schevaran S-5 (Room Freshener) 5ltr
Schevaran S-5 (Room Freshner) 5ltr	552	CAN		SS Plaza	1	1	Stepier - Banglore.pdf	Schevaran S-5 (Room Freshner) 5ltr
Schevaran S-5 (Room Freshner) 5ltr [CAN] | HSN 33074900	693.55	CAN		SS Plaza	1	1	Stepier - Banglore.pdf	Schevaran S-5 (Room Freshner) 5ltr [CAN] | HSN 33074900
Schevaran S-6 (Toilet Cleaner)	591.7	CAN		SS Plaza	1	2	Stepier - Banglore.pdf	Schevaran S-6 (Toilet Cleaner)
Schevaran S-6 (Toilet Cleaner) [CAN] | HSN 34054000	591.7	CAN		SS Plaza	1	1	Stepier - Banglore.pdf	Schevaran S-6 (Toilet Cleaner) [CAN] | HSN 34054000
Schevaran Saphhire S30 1kgs	420	KG		SS Plaza	1	1	Stepier - Banglore.pdf	Schevaran Saphhire S30 1kgs
Schevaran Scale Off S31 1kgs	420	KG		SS Plaza	1	1	Stepier - Banglore.pdf	Schevaran Scale Off S31 1kgs
Schevaran Sunglo S4 5lt	1319.2	CAN		SS Plaza	1	1	Stepier - Banglore.pdf	Schevaran Sunglo S4 5lt
Schevaran Sunglo S4 5lt [CAN] | HSN 34052000	1319.2	CAN		SS Plaza	1	1	Stepier - Banglore.pdf	Schevaran Sunglo S4 5lt [CAN] | HSN 34052000
Schevaran Sunglo S4 5ltr	1319.2	CAN		SS Plaza	1	1	Stepier - Banglore.pdf	Schevaran Sunglo S4 5ltr
Schevaran Super Clean S9 5ltr	590	CAN		SS Plaza	1	2	Stepier - Banglore.pdf	Schevaran Super Clean S9 5ltr
Schevarandrain Clean S41 5ltr	850	CAN		SS Plaza	1	1	Stepier - Banglore.pdf	Schevarandrain Clean S41 5ltr
Scissor Small Size	29.1	PCS		SS Plaza	1	1	Stepier - Banglore.pdf	Scissor Small Size
Scotch Brite 6X4 3M	12	PCS		AMR Tech Park	1	1	Stepier - Banglore.pdf	Scotch Brite 6X4 3M
Scoth Bright With Sponge	29.1	PCS		SS Plaza	1	1	Stepier - Banglore.pdf	Scoth Bright With Sponge
Scrapper Patra	15	PCS	9603	SIGMA 2ND FLOOR, SIGMA 7TH FLOOR	2	2	Hk Mumbai/PARSVATECH JULY26 SIGMA 2ND FLOOR (1).pdf	Scrapper Patra — ₹15
Sharpener	1.94	PCS		SS Plaza	1	2	Stepier - Banglore.pdf	Sharpener
Sharpener [NOS] | HSN 82141010	1.94	PCS		SS Plaza	1	1	Stepier - Banglore.pdf	Sharpener [NOS] | HSN 82141010
Sheet Protector A4	2.42	PCS		SS Plaza	1	2	Stepier - Banglore.pdf	Sheet Protector A4
Silicon Grease	450	CAN		SS Plaza	1	1	Stepier - Banglore.pdf	Silicon Grease
Silicon Grease [NOS] | HSN 27101980 | CHANGE TO GST 5pct	450	CAN		SS Plaza	1	1	Stepier - Banglore.pdf	Silicon Grease [NOS] | HSN 27101980 | CHANGE TO GST 5pct
Soap Dispenser	450	SET		SS Plaza	1	1	Stepier - Banglore.pdf	Soap Dispenser
Spectra Paper 75GSM A4 (FS)	240	PKT		Mahindra Finance - Delhi	1	1	FCGC- Delhi.pdf	Spectra Paper 75GSM A4 (FS)
Spoon Steel PCS (FS)	43.5	PCS		Mahindra Finance - Delhi, Sky mark - Noida	2	2	FCGC- Delhi.pdf	Spoon Steel PCS (FS) — ₹43.5
Spoon Steel PCS (FS) FORK	43.5	PCS		Mahindra Finance - Delhi, Sky mark - Noida	2	2	FCGC- Delhi.pdf	Spoon Steel PCS (FS) FORK — ₹43.5
Spray Bottle 1000ML	29.1	PCS		SS Plaza	1	2	Stepier - Banglore.pdf	Spray Bottle 1000ML
Spray Bottle 1000ML	30	PCS		AMR Tech Park	1	1	Stepier - Banglore.pdf	Spray Bottle 1000ML
Sps 403 Ring File	106.7	PCS		SS Plaza	1	1	Stepier - Banglore.pdf	Sps 403 Ring File
Sps 403 Ring File [NOS] | HSN 39261000	106.7	PCS		SS Plaza	1	1	Stepier - Banglore.pdf	Sps 403 Ring File [NOS] | HSN 39261000
Stainless Steel Spoon	35	PCS		SS Plaza	1	1	Stepier - Banglore.pdf	Stainless Steel Spoon
Steel Scale 12 inch	7.76	PCS		SS Plaza	1	1	Stepier - Banglore.pdf	Steel Scale 12 inch
Steel Scrubber	7.76	PCS		SS Plaza	1	2	Stepier - Banglore.pdf	Steel Scrubber
Sugar	140	KG		SS Plaza	1	1	Kaffine kingdom - Banglre.pdf	Sugar
Surf Excel (FS)	119.5	KG		Mahindra Finance - Delhi	1	1	FCGC- Delhi.pdf	Surf Excel (FS)
T-BRUSH [NOS] | HSN 96039000	116.4	PCS		SS Plaza	1	1	Stepier - Banglore.pdf	T-BRUSH [NOS] | HSN 96039000
T-Brush	116.4	PCS		SS Plaza	1	1	Stepier - Banglore.pdf	T-Brush
TASKI EMERAL PLUS 500 ML [NOS] | HSN 3402	350	CAN		SS Plaza	1	1	Stepier - Banglore.pdf	TASKI EMERAL PLUS 500 ML [NOS] | HSN 3402
TASKI R-5-5LTR (AIR FRESHNER)	660	CAN		AMR Tech Park	1	1	Stepier - Banglore.pdf	TASKI R-5-5LTR (AIR FRESHNER)
TASKI R2 5 LTR	805	CAN	3402	ETPL THANE	1	1	Hk Mumbai/PARSVATECH JULY26 ETPL (1).pdf	TASKI R2 5 LTR
TASKI R2[HARD SURFACE CLEANER]5LTR	660	CAN		AMR Tech Park	1	1	Stepier - Banglore.pdf	TASKI R2[HARD SURFACE CLEANER]5LTR
TASKI R6 [TOILET BOWL CLEANER]5LTR	460	CAN		AMR Tech Park	1	1	Stepier - Banglore.pdf	TASKI R6 [TOILET BOWL CLEANER]5LTR
TASKI R9 5LTR	1250	CAN	3402	CHARNI ROAD	1	1	Hk Mumbai/PARSVATECH JULY26 CHARNI ROAD (2).pdf	TASKI R9 5LTR
TASKI TR 103 5LTR	1450	CAN	3402	NOIDA	1	1	Hk Mumbai/PARSVATECH JULY26 NOIDA (1).pdf	TASKI TR 103 5LTR
TATA AGNI TEA	415	PKT	0902	3I SAKINAKA	1	1	Hk Mumbai/PARSVATECH JULY26 3I SAKINAKA.pdf	TATA AGNI TEA
TEA PREMIX	200	PKT		2nd Floor - Sigma IT Park, 7th Floor - Sigma IT Park	2	3	purchaseorders (10).pdf	TEA PREMIX — ₹200
TISSU ROLLS	13.75	ROLL		ETPL- Thane	1	1	Shree krishna ent - Tissue.pdf	TISSU ROLLS
TISSUE NAPKIN [PKT] | HSN 48183000	14	PKT		SS Plaza	1	1	Stepier - Banglore.pdf	TISSUE NAPKIN [PKT] | HSN 48183000
TISSUE PAPER (FS)	24	PKT		Mahindra Finance - Delhi	1	2	FCGC- Delhi.pdf	TISSUE PAPER (FS)
TOILET BRUSH	46	PCS	9603	MyGate	1	1	Hk Mumbai/PARSVATECH JULY26 MYGATE.pdf	TOILET BRUSH
TOILET BRUSH ROUND	46	PCS	9603	ETPL THANE, NOIDA	2	2	Hk Mumbai/PARSVATECH JULY26 ETPL (1).pdf	TOILET BRUSH ROUND — ₹46
TOILET BRUSH [NOS] | HSN 9603	33.95	PCS		SS Plaza	1	1	Stepier - Banglore.pdf	TOILET BRUSH [NOS] | HSN 9603
TOILET ROLL (80GM) HARITAGE (FS)	19.5	ROLL		Mahindra Finance - Delhi	1	2	FCGC- Delhi.pdf	TOILET ROLL (80GM) HARITAGE (FS)
Table Top Tissue	25	PKT		3i - Crescent Solitaire, B wing - Mafatlal Chambers, MyGate - VKG	3	3	Shree krishna ent - Tissue.pdf	Table Top Tissue — ₹25
Taski Emeral Plus 500 ML	350	CAN		SS Plaza	1	2	Stepier - Banglore.pdf	Taski Emeral Plus 500 ML
Taski R-4	850	CAN		AMR Tech Park	1	1	Stepier - Banglore.pdf	Taski R-4
Taski R-5 5Ltr	660	CAN		AMR Tech Park	1	1	Stepier - Banglore.pdf	Taski R-5 5Ltr
Taski R-6	460	CAN		AMR Tech Park	1	1	Stepier - Banglore.pdf	Taski R-6
Taski R-9	880	CAN		AMR Tech Park	1	1	Stepier - Banglore.pdf	Taski R-9
Taski R3 - 5ltr	875	CAN	3402	ETPL THANE	1	1	Hk Mumbai/PARSVATECH JULY26 ETPL (1).pdf	Taski R3 - 5ltr
Taski TR-101 Carpet Shampoo (FS)	1470	CAN		Mahindra Finance - Delhi	1	1	FCGC- Delhi.pdf	Taski TR-101 Carpet Shampoo (FS)
Tetra Milk	70	LTR		SS Plaza	1	1	Kaffine kingdom - Banglre.pdf	Tetra Milk
Thinner 1 Ltr	104.76	LTR		SS Plaza	1	1	Stepier - Banglore.pdf	Thinner 1 Ltr
Tissue Napkin	14	PKT		SS Plaza	1	2	Stepier - Banglore.pdf	Tissue Napkin
Tissue Ontex (FS)	24	PKT		Mahindra Finance - Delhi	1	1	FCGC- Delhi.pdf	Tissue Ontex (FS)
Tissue Roll	13.75	ROLL		2nd Floor - Sigma IT Park, 3i - Crescent Solitaire, 7th Floor - Sigma IT Park, B wing - Mafatlal Chambers, ETPL- Thane, NRK Star - Indore	6	9	Shree krishna ent - Tissue.pdf	Tissue Roll — ₹13.75
Tissue Roll Fabius	12	ROLL		AMR Tech Park, SS Plaza	2	2	Stepier - Banglore.pdf	Tissue Roll Fabius — ₹12
Tissue Roll Fabius [ROLL] | HSN 48183000	12	ROLL		SS Plaza	1	1	Stepier - Banglore.pdf	Tissue Roll Fabius [ROLL] | HSN 48183000
Toilet Brush	33.95	PCS		SS Plaza	1	1	Stepier - Banglore.pdf	Toilet Brush
Toilet Brush Round [NOS] | HSN 96039000	33.95	PCS		SS Plaza	1	1	Stepier - Banglore.pdf	Toilet Brush Round [NOS] | HSN 96039000
Toilet Roll	12	ROLL		AMR Tech Park, SS Plaza	2	2	Stepier - Banglore.pdf	Toilet Roll — ₹12
Toilet Roll	16	ROLL	4803	NOIDA	1	1	Hk Mumbai/PARSVATECH JULY26 NOIDA (1).pdf	Toilet Roll
Toilet Rolls (FS)	19	ROLL		Mahindra Finance - Delhi	1	1	FCGC- Delhi.pdf	Toilet Rolls (FS)
Transparent Tape Red	150.35	ROLL		SS Plaza	1	2	Stepier - Banglore.pdf	Transparent Tape Red
Transparent Tape Red	160.05	ROLL		SS Plaza	1	2	Stepier - Banglore.pdf	Transparent Tape Red
Transparent Tape Red CLEAR [NOS] | HSN 39199090	160.05	ROLL		SS Plaza	1	1	Stepier - Banglore.pdf	Transparent Tape Red CLEAR [NOS] | HSN 39199090
Transparent Tape Red [NOS] | HSN 39199090	150.35	ROLL		SS Plaza	1	1	Stepier - Banglore.pdf	Transparent Tape Red [NOS] | HSN 39199090
URINAL CUBES SANIFRESH 300 GM (FS)	90	PKT		Arcil Sky Mark - Noida, Mahindra Finance - Delhi	2	2	FCGC- Delhi.pdf	URINAL CUBES SANIFRESH 300 GM (FS) — ₹90
URINAL SCREEN	25	PCS	3402	NOIDA	1	1	Hk Mumbai/PARSVATECH JULY26 NOIDA (1).pdf	URINAL SCREEN
URINAL SCREEN PAD (FS)	32	PCS		Arcil Sky Mark - Noida	1	1	FCGC- Delhi.pdf	URINAL SCREEN PAD (FS)
Unibic Biscuits	30	PKT		SS Plaza	1	1	Stepier - Banglore.pdf	Unibic Biscuits
Unibic Buscuits	30	PKT		SS Plaza	1	1	Stepier - Banglore.pdf	Unibic Buscuits
Urinal Cake	12	PKT		SS Plaza	1	2	Stepier - Banglore.pdf	Urinal Cake
Urinal Cake [NOS] | HSN 33074900	12	PKT		SS Plaza	1	1	Stepier - Banglore.pdf	Urinal Cake [NOS] | HSN 33074900
Urinal Screen	31.04	PCS		SS Plaza	1	2	Stepier - Banglore.pdf	Urinal Screen
Urinal Screen	35	PCS		AMR Tech Park	1	2	Stepier - Banglore.pdf	Urinal Screen
Urinal Screen [NOS] | HSN 96162000	31.04	PCS		SS Plaza	1	1	Stepier - Banglore.pdf	Urinal Screen [NOS] | HSN 96162000
Use & Throw Pen Blue	2.91	PCS		SS Plaza	1	4	Stepier - Banglore.pdf	Use & Throw Pen Blue
Use & Throw Pen Blue	3	PCS		AMR Tech Park	1	1	Stepier - Banglore.pdf	Use & Throw Pen Blue
Use and Throw Pen Blue RED [PES] | HSN 9608	2.91	PCS		SS Plaza	1	1	Stepier - Banglore.pdf	Use and Throw Pen Blue RED [PES] | HSN 9608
Use and Throw Pen Blue [PES] | HSN 9608	2.91	PCS		SS Plaza	1	1	Stepier - Banglore.pdf	Use and Throw Pen Blue [PES] | HSN 9608
VECUUM HOSE PIPE 5M	950	PCS	4820	C WING	1	1	Hk Mumbai/PARSVATECH C WING JULY26 2.pdf	VECUUM HOSE PIPE 5M
VECUUM LONG AND SHORT CONNECTOR	350	PCS	4820	C WING	1	1	Hk Mumbai/PARSVATECH C WING JULY26 2.pdf	VECUUM LONG AND SHORT CONNECTOR
VECUUM MACHINE NEW 30LTR WET/DRY FULL SET	14400	SET	4820	C WING	1	1	Hk Mumbai/PARSVATECH C WING JULY26 2.pdf	VECUUM MACHINE NEW 30LTR WET/DRY FULL SET
VECUUME MACHINE HOSE PIPE	970	SET	4820	C WING	1	1	Hk Mumbai/PARSVATECH C WING JULY26 2.pdf	VECUUME MACHINE HOSE PIPE
VECUUME MACHINE WET / DRY SET 30LTR	13500	SET	4820	NOIDA	1	1	Hk Mumbai/PARSVATECH JULY26 NOIDA (1).pdf	VECUUME MACHINE WET / DRY SET 30LTR
Vacuum Machine Motor	2800	PCS		SS Plaza	1	1	Stepier - Banglore.pdf	Vacuum Machine Motor
Vacuum Machine Services	350	PCS		SS Plaza	1	1	Stepier - Banglore.pdf	Vacuum Machine Services
Vacuum Wheel	220	PCS		SS Plaza	1	1	Stepier - Banglore.pdf	Vacuum Wheel
Veg Bowl Snow (FS)	80	PCS		Sky mark - Noida	1	1	FCGC- Delhi.pdf	Veg Bowl Snow (FS)
Visitor Register (FS)	470	PCS		Arcil Sky Mark - Noida	1	1	FCGC- Delhi.pdf	Visitor Register (FS)
WATER DISPENSAR TRAY	750	PCS	84182100	SIGMA 2ND FLOOR, SIGMA 7TH FLOOR	2	2	Hk Mumbai/PARSVATECH JULY26 SIGMA 2ND FLOOR (1).pdf	WATER DISPENSAR TRAY — ₹750
WD-40	380	CAN		SS Plaza	1	1	Stepier - Banglore.pdf	WD-40
WET MOP CLIP [NOS] | HSN 9603	29.1	PCS		SS Plaza	1	1	Stepier - Banglore.pdf	WET MOP CLIP [NOS] | HSN 9603
WET MOP REFILL	62	PCS	9603	3I SAKINAKA, MyGate, NOIDA, SIGMA 2ND FLOOR, SIGMA 7TH FLOOR	5	5	Hk Mumbai/PARSVATECH JULY26 SIGMA 2ND FLOOR (1).pdf	WET MOP REFILL — ₹62
WET MOP REFILL	63.5	PCS		SS Plaza	1	1	Stepier - Banglore.pdf	WET MOP REFILL
WET MOP REFILL	65	PCS		AMR Tech Park	1	1	Stepier - Banglore.pdf	WET MOP REFILL
WET MOP REFILL [NOS] | HSN 9603	63.5	PCS		SS Plaza	1	1	Stepier - Banglore.pdf	WET MOP REFILL [NOS] | HSN 9603
WET MOP STICK GRAY [NOS] | HSN 96039000	55	PCS		SS Plaza	1	1	Stepier - Banglore.pdf	WET MOP STICK GRAY [NOS] | HSN 96039000
WET MOP STICK [NOS] | HSN 3924	48.5	PCS		SS Plaza	1	1	Stepier - Banglore.pdf	WET MOP STICK [NOS] | HSN 3924
WHITE B. DUSTER	29.1	PCS		SS Plaza	1	1	Stepier - Banglore.pdf	WHITE B. DUSTER
WHITE B. DUSTER [NOS] | HSN 39261019	29.1	PCS		SS Plaza	1	1	Stepier - Banglore.pdf	WHITE B. DUSTER [NOS] | HSN 39261019
WHITE BOARD MARKER BLACK-RED-GREEN-BLUE [NOS] | HSN 96082000	13.58	PCS		SS Plaza	1	1	Stepier - Banglore.pdf	WHITE BOARD MARKER BLACK-RED-GREEN-BLUE [NOS] | HSN 96082000
WHITE R5 LTR	795	CAN	3402	ETPL THANE	1	1	Hk Mumbai/PARSVATECH JULY26 ETPL (1).pdf	WHITE R5 LTR
Washing Liquid	143.08	CAN		SS Plaza	1	2	Stepier - Banglore.pdf	Washing Liquid
Washing Liquid [LTR] | HSN 34022090	143.08	CAN		SS Plaza	1	1	Stepier - Banglore.pdf	Washing Liquid [LTR] | HSN 34022090
Water Bottel Cover [NOS] | HSN 39233090	58.2	PCS		SS Plaza	1	1	Stepier - Banglore.pdf	Water Bottel Cover [NOS] | HSN 39233090
Water Bottel Perpet	27.16	PCS		SS Plaza	1	1	Stepier - Banglore.pdf	Water Bottel Perpet
Water Bottle Cover	58.2	PCS		SS Plaza	1	1	Stepier - Banglore.pdf	Water Bottle Cover
Water Bottle Perpet	24.25	PCS		SS Plaza	1	1	Stepier - Banglore.pdf	Water Bottle Perpet
Wet Mop Clip	29.1	PCS		SS Plaza	1	1	Stepier - Banglore.pdf	Wet Mop Clip
Wet Mop Clip Blu	45	PCS	9603	CHARNI ROAD, NOIDA, SIGMA 2ND FLOOR, SIGMA 7TH FLOOR	4	4	Hk Mumbai/PARSVATECH JULY26 SIGMA 2ND FLOOR (1).pdf	Wet Mop Clip Blu — ₹45
Wet Mop Clip RED	45	PCS	9603	NOIDA	1	1	Hk Mumbai/PARSVATECH JULY26 NOIDA (1).pdf	Wet Mop Clip RED
Wet Mop Stick	55	PCS		SS Plaza	1	1	Stepier - Banglore.pdf	Wet Mop Stick
Wet Mop Stick Gray	55	PCS		SS Plaza	1	1	Stepier - Banglore.pdf	Wet Mop Stick Gray
White Board Duster	29.1	PCS		SS Plaza	1	1	Stepier - Banglore.pdf	White Board Duster
White Board Marker	13.58	PCS		SS Plaza	1	2	Stepier - Banglore.pdf	White Board Marker
White Board Marker	13.75	PCS		SS Plaza	1	1	Stepier - Banglore.pdf	White Board Marker
Wooden Spoon	85	PCS		SS Plaza	1	1	Stepier - Banglore.pdf	Wooden Spoon
Wooden Stirrer	0.25	PCS		Mafatlal Chember -A wing	1	1	purchaseorders (11).pdf	Wooden Stirrer
Wooden Stirrers	0.2	PCS		SS Plaza	1	1	Kaffine kingdom - Banglre.pdf	Wooden Stirrers
Wringer Trolley 40 Ltr [SET] | HSN 39269099	3200	SET		SS Plaza	1	1	Stepier - Banglore.pdf	Wringer Trolley 40 Ltr [SET] | HSN 39269099
YELLOW SOPNGE 18%	11.64	PCS		SS Plaza	1	1	Stepier - Banglore.pdf	YELLOW SOPNGE 18%
YELLOW SPONGE BIG [NOS] | HSN 9603 | CHANGE TO GST 5pct	11.64	PCS		SS Plaza	1	1	Stepier - Banglore.pdf	YELLOW SPONGE BIG [NOS] | HSN 9603 | CHANGE TO GST 5pct
Zebra Yellow 2 inch Floor Marking Tape	116.4	ROLL		SS Plaza	1	1	Stepier - Banglore.pdf	Zebra Yellow 2 inch Floor Marking Tape
Zebra Yellow 2 inch Floor Marking Tape [NOS] | HSN 39199090	116.4	ROLL		SS Plaza	1	1	Stepier - Banglore.pdf	Zebra Yellow 2 inch Floor Marking Tape [NOS] | HSN 39199090
Zebra Yellow 2" Floor Marking Tape	116.4	ROLL		SS Plaza	1	1	Stepier - Banglore.pdf	Zebra Yellow 2" Floor Marking Tape
Zip Lock Bag 6X8	1.2	PKT		SS Plaza	1	2	Stepier - Banglore.pdf	Zip Lock Bag 6X8
housekeeping material	73	PCS		SS Plaza	1	1	Stepier - Banglore.pdf	housekeeping material
